{
  "file_info": {
    "filename": "mean_girls.wav",
    "duration": 53.347875,
    "total_segments": 6,
    "sample_rate": 16000
  },
  "speaker_analysis": {
    "speaker_count": 2,
    "speaker_ids": [
      "SPK_01",
      "SPK_02"
    ],
    "cluster_labels": [
      1,
      1,
      1,
      1,
      0,
      0
    ],
    "embeddings": {
      "SPK_01": [
        -194.77515411376953,
        -17.17431116104126,
        -22.078046798706055,
        2.590834140777588,
        -15.5045166015625,
        -0.7311011254787445,
        -8.846235513687134,
        0.5879467688500881,
        -9.497491836547852,
        -3.6423599123954773,
        -8.364376783370972,
        1.8189232721924782,
        -2.455272611230612,
        68.70847702026367,
        38.22491455078125,
        37.13511657714844,
        21.06688117980957,
        18.877397537231445,
        18.18802833557129,
        14.757330894470215,
        12.33162260055542,
        10.227043151855469,
        10.117629051208496,
        8.816859245300293,
        8.116974830627441,
        9.155609130859375,
        147.68180062567455,
        18.597591826319928,
        142.65259753162698,
        62.06163607147916,
        0.03460207612456748,
        0.06258998438715935,
        0.07322125881910324,
        0.4343731254339218,
        0.40901860402921597,
        0.13062517410115065,
        0.43015919625759125,
        0.4404667913913727,
        0.41716018319129944,
        0.39835087954998016,
        0.38410376012325287,
        0.41666246950626373,
        0.4241545796394348,
        0.5008633881807327,
        0.4594174474477768,
        0.4711722284555435,
        0.5331319123506546,
        0.43071994185447693,
        0.3001381605863571,
        0.3004719018936157,
        0.29681694507598877,
        0.2882348746061325,
        0.2787364721298218,
        0.30744504928588867,
        0.2980595976114273,
        0.31584155559539795,
        0.29057565331459045,
        0.3033091574907303,
        0.3363272100687027,
        0.2925436943769455,
        17.60440614008498,
        16.96458314970946,
        17.031064822900024,
        16.503407704557894,
        16.763632269714915,
        17.72815428577163,
        51.2409023342237,
        3603.236754911878,
        1840.1347987034715,
        -30.717524528503418,
        -27.627686500549316,
        -23.59887409210205,
        -28.507274627685547,
        -27.525541305541992,
        -25.963293075561523,
        -23.50739288330078,
        -21.47114658355713,
        -19.625247955322266,
        -18.756717681884766,
        -19.86572265625,
        -19.839150428771973,
        -20.66727066040039,
        -19.266603469848633,
        -19.352120876312256,
        -19.631988525390625,
        -18.318428993225098,
        -20.788731575012207,
        -18.654221534729004,
        -16.39549732208252,
        -18.620323181152344,
        -19.421710968017578,
        -17.91183376312256,
        -16.762895107269287,
        -17.72020721435547,
        -17.52042007446289,
        -18.577067375183105,
        -19.62960910797119,
        -19.454646110534668,
        -18.684205055236816,
        -18.565402030944824,
        -18.758392333984375,
        -18.80129051208496,
        -18.55219841003418,
        -18.39779567718506,
        -17.91108798980713,
        -18.071513175964355,
        -17.542210578918457,
        -16.055609703063965,
        -14.88875961303711,
        -15.173542022705078,
        -15.008615493774414,
        -15.351735591888428,
        -15.84395456314087,
        -15.767463207244873,
        -16.10024070739746,
        -15.935274124145508,
        -16.49875020980835,
        -16.940670013427734,
        -17.176064491271973,
        -17.37321662902832,
        -17.34733295440674,
        -17.823857307434082,
        -17.026418685913086,
        -17.564985275268555,
        -17.195162296295166,
        -17.077553749084473,
        -17.5327205657959,
        -17.21257781982422,
        -16.381075859069824,
        -14.59444284439087,
        -15.075788974761963,
        -16.34452772140503,
        -16.054953575134277,
        -16.138145446777344,
        -15.53169870376587,
        -15.267277240753174,
        -15.06096363067627,
        -14.590089797973633,
        -14.712975978851318,
        -14.895434379577637,
        -14.990236759185791,
        -14.717909812927246,
        -14.409319400787354,
        -14.613757610321045,
        -14.369348526000977,
        -14.461739540100098,
        -14.647052764892578,
        -14.354816436767578,
        -14.20041036605835,
        -14.358905792236328,
        -14.846038818359375,
        -15.02315092086792,
        -14.578474044799805,
        -14.219641208648682,
        -14.215016841888428,
        -14.311165809631348,
        -14.147221088409424,
        -13.769027709960938,
        -13.427350521087646,
        -12.899846076965332,
        -13.37451696395874,
        -13.99646282196045,
        -14.596720695495605,
        -14.627208232879639,
        -14.684371948242188,
        -14.67512559890747,
        -14.843533039093018,
        -14.945136547088623,
        -14.453027248382568,
        -14.187254905700684,
        -13.776436805725098,
        -13.671958446502686,
        -14.371485710144043,
        -14.843176364898682,
        -15.133025646209717,
        -14.944832801818848,
        -15.166907787322998,
        -15.794425010681152,
        -15.293587684631348,
        -15.457401752471924,
        -15.746548652648926,
        -15.819794178009033,
        -15.841299533843994,
        -16.09055471420288,
        -16.791406631469727,
        -17.04857063293457,
        -16.97511100769043,
        -17.052891731262207,
        -17.776503562927246,
        -18.085976600646973,
        -18.432412147521973,
        -18.71034336090088,
        -19.000584602355957,
        -19.614142417907715,
        -19.9231014251709,
        -23.185858726501465,
        -35.61215591430664
      ],